{
  "crs": "EPSG:5367",
  "x0": 499427.9448658451,
  "y0": 1085806.6193265037,
  "res": 5.0,
  "width": 13070,
  "height": 6776,
  "classes": [
    1,
    2,
    3,
    4,
    5,
    6,
    7
  ]
}